{
    "dropout_rate": 0.30000000000000004,
    "dense_units": 512,
    "l2_reg": 0.002024789717623679,
    "learning_rate": 0.00030476495908406733
}